﻿NOVAScope : 20220902_B.V1.14.R6766
Serial number : FNO211000614
Hardware config : ArmCuff, AnalogIO, Basic

Measurement;Reference;Age(yrs);Height(cm);Weight(kg);Gender;FlowCorrection(%);Procedure;Application;MeasurementStart;Patient;Physician
"2025-02-26_16.06.07";;22;140;60;Male;100;;NovaScope;2025-02-26_16:11:20.328;subject2;

Time(sec);SYS Arm(mmHg);MAP Arm(mmHg);DIA Arm(mmHg);HR Arm(bpm);Marker;Region;
179.851;110;79;63;70;"Cuff = Cuff1", "Physiocal: OFF", "Physiocal: ON", "BraCal: begin auto", "ArmCuff: 110/63";;
