﻿NOVAScope : 20220902_B.V1.14.R6766
Serial number : FNO211000614
Hardware config : ArmCuff, AnalogIO, Basic

Measurement;Reference;Age(yrs);Height(cm);Weight(kg);Gender;FlowCorrection(%);Procedure;Application;MeasurementStart;Patient;Physician
"2025-02-26_11.17.13";;22;140;60;Male;100;;NovaScope;2025-02-26_11:17:19.168;subject1;

Time(sec);SYS Arm(mmHg);MAP Arm(mmHg);DIA Arm(mmHg);HR Arm(bpm);Marker;Region;
170.439;159;104;76;67;"Cuff = Cuff1", "BraCal: begin auto", "ArmCuff: 159/76";;
