﻿NOVAScope : 20220902_B.V1.14.R6766
Serial number : FNO211000614
Hardware config : ArmCuff, AnalogIO, Basic

Measurement;Reference;Age(yrs);Height(cm);Weight(kg);Gender;FlowCorrection(%);Procedure;Application;MeasurementStart;Patient;Physician
"2025-02-25_15.39.44";;22;140;60;Male;100;;NovaScope;2025-02-25_15:42:10.600;subject2;

Time(sec);SYS Arm(mmHg);MAP Arm(mmHg);DIA Arm(mmHg);HR Arm(bpm);Marker;Region;
155.352;120;84;66;72;"Cuff = Cuff1", "BraCal: begin auto", "ArmCuff: 120/66";;
