﻿NOVAScope : 20220902_B.V1.14.R6766
Serial number : FNO211000614
Hardware config : ArmCuff, AnalogIO, Basic

Measurement;Reference;Age(yrs);Height(cm);Weight(kg);Gender;FlowCorrection(%);Procedure;Application;MeasurementStart;Patient;Physician
"2025-02-25_15.25.31";;22;140;60;Male;100;;NovaScope;2025-02-25_15:26:38.104;subject2;

Time(sec);SYS Arm(mmHg);MAP Arm(mmHg);DIA Arm(mmHg);HR Arm(bpm);Marker;Region;
152.745;113;86;73;76;"Cuff = Cuff1", "BraCal: begin auto", "ArmCuff: 113/73";;
