﻿NOVAScope : 20220902_B.V1.14.R6766
Serial number : FNO211000614
Hardware config : ArmCuff, AnalogIO, Basic

Measurement;Reference;Age(yrs);Height(cm);Weight(kg);Gender;FlowCorrection(%);Procedure;Application;MeasurementStart;Patient;Physician
"2025-02-25_17.03.33";;22;140;60;Male;100;;NovaScope;2025-02-25_17:03:37.197;subject2;

Time(sec);SYS Arm(mmHg);MAP Arm(mmHg);DIA Arm(mmHg);HR Arm(bpm);Marker;Region;
151.472;116;88;74;73;"Cuff = Cuff1", "BraCal: begin auto", "ArmCuff: 116/74";;
